timestamp,value
0.0,73.96732207
31.0,81.56235567
32.0,81.43553422
63.0,86.37621858
64.0,86.3421685
95.0,90.54178741
96.0,89.31712427
127.0,83.67102071
128.0,82.31952904
159.0,80.9978684
160.0,81.16723557
173.0,72.68741156
191.0,80.11719562
192.0,80.49280262
223.0,84.38916448
224.0,83.18147487
255.0,81.49327887
256.0,81.42247440000001
287.0,83.45318420000002
288.0,84.33273465
319.0,67.95144903
320.0,65.90649636
345.0,59.63744866
351.0,66.49930690000001
352.0,69.81211169
383.0,88.13082806
384.0,88.89966936
415.0,91.26672743
416.0,89.98528487
447.0,91.5975513
448.0,90.57501904
479.0,85.23133389
480.0,83.60369239
511.0,87.38667453
512.0,87.53885279
519.0,94.36744637
543.0,88.31911026
544.0,86.89757046
575.0,80.13239831
576.0,81.33413076
607.0,81.25979414
608.0,81.76280285
639.0,81.72472683
640.0,82.53245119
671.0,82.83126064
672.0,81.24678562
703.0,79.55970927
704.0,79.14382863
735.0,71.15766235
736.0,71.13846278
767.0,65.05212543
768.0,65.16487331
783.0,77.58514233
799.0,65.61327929
800.0,64.56349701
831.0,57.74679739999999
832.0,56.24537782
851.0,52.69490606
863.0,65.98616848
864.0,64.59238537
895.0,80.05529151
896.0,80.78756045
927.0,84.81274419
928.0,85.30419785
959.0,86.01090909
960.0,85.71160468
991.0,85.8643435
992.0,86.12905779
1023.0,88.9410603
1024.0,87.80621485
1055.0,80.95227787
1056.0,80.98443162
1087.0,83.04347383
1088.0,84.34675079
1119.0,87.39075374
1120.0,87.87400742
1151.0,90.19279817
1152.0,88.91325441
1183.0,88.78104478
1184.0,89.81385655
1215.0,89.64205732
1216.0,89.11196166
1247.0,86.82973436
1248.0,87.72413211
1279.0,86.13672677
1280.0,86.41969066
1296.0,92.70477032
1311.0,85.43090742
1312.0,84.40214989
1338.0,72.37723298
1343.0,76.78844325
1344.0,78.04525536
1375.0,86.00215436
1376.0,87.24123207
1407.0,87.06825802
1408.0,87.17001194
1439.0,87.39223473
1440.0,87.6049203
1471.0,88.5025968
1472.0,88.18132977
1503.0,89.49843578
1504.0,88.98167684
1535.0,87.48503779
1536.0,88.01252158
1567.0,83.96981105
1568.0,84.44624618
1599.0,81.53157177
1600.0,81.36519695
1631.0,73.25785003
1632.0,73.2552912
1663.0,71.06894191
1664.0,71.00335786
1695.0,73.44050315
1696.0,72.72762146
1727.0,63.7086663
1728.0,65.33955353
1759.0,67.85999218
1760.0,67.87622075
1771.0,81.88497327
1791.0,83.48160223
1792.0,82.3002372
1823.0,80.13167042
1824.0,79.72292308
1855.0,71.78323345
1856.0,73.27384465
1887.0,73.52968167
1888.0,72.75340522
1919.0,68.58391801
1920.0,68.44998646
1951.0,67.09019983
1952.0,68.35220717
1983.0,62.856899
1984.0,62.20477835
2015.0,58.91662356
2016.0,57.91541573
2022.0,76.36738709999999
2047.0,79.70011148
2048.0,79.09017175
2079.0,61.45957212
2080.0,60.82967554
2111.0,57.77320899
2112.0,57.83848952
2143.0,51.76834722
2144.0,51.95083115
2175.0,50.14596796
2176.0,49.85691601
2207.0,49.57538032
2208.0,50.68119402
2239.0,52.31182813
2240.0,51.24936372
2271.0,55.07471002
2272.0,54.83638559
2303.0,55.56717583
2304.0,56.41556746
2335.0,81.96573082
2336.0,81.73695391
2367.0,91.06273243
2368.0,90.88321071
2399.0,100.9526448
2400.0,100.9086505
2431.0,97.93340529
2432.0,95.97787869
2463.0,88.9098475
2464.0,89.29595282
2495.0,88.31073731
2496.0,88.57520066
2527.0,93.86433217
2528.0,95.64490404
2559.0,95.14678961
2560.0,95.14076024
2591.0,94.20542633
2592.0,95.03477862
2623.0,95.01486711
2624.0,95.2257644
2655.0,92.88134891
2656.0,94.21780144
2687.0,90.58911269
2688.0,91.34770464
2719.0,88.46845373
2720.0,90.08626317
2751.0,91.18412572
2752.0,90.84935612
2783.0,91.43737566
2784.0,92.3568362
2815.0,93.79585998
2816.0,94.33325022
2847.0,95.6080348
2848.0,94.23064
2879.0,92.85935939
2880.0,94.70963605
2911.0,93.49206454
2912.0,93.55159102
2943.0,94.0508148
2944.0,93.10602469
2975.0,94.31834128
2976.0,93.87227653
3007.0,95.12913749
3008.0,94.42379369
3039.0,95.97748434
3040.0,95.93655388
3071.0,98.27557053
3072.0,97.83578537
3103.0,100.535028
3104.0,101.0774782
3135.0,102.083493
3136.0,103.1189599
3167.0,101.5764794
3168.0,101.2506251
3199.0,100.4652913
3200.0,101.5098581
3231.0,101.5375365
3232.0,100.7389267
3263.0,102.0443587
3264.0,101.2390628
3295.0,99.97451079
3296.0,100.2805769
3327.0,101.3225872
3328.0,101.1209654
3359.0,100.2519278
3360.0,100.5643647
3391.0,98.07050401
3392.0,99.41474962
3423.0,97.58603343
3424.0,97.0523471
3455.0,99.81024462
3456.0,98.34016761
3487.0,99.73551237
3488.0,99.38186649
3519.0,97.3171323
3520.0,99.09569652
3551.0,98.46597556
3552.0,99.10681495
3583.0,99.30475195
3584.0,98.16374252
3615.0,98.21184273
3616.0,98.99414091
3647.0,99.19667461
3648.0,97.49260427
3679.0,97.53590754
3680.0,98.99180825
3711.0,98.62847081
3712.0,99.80572233
3726.0,103.6205352
3743.0,83.75591379999999
3744.0,84.80286565
3775.0,67.72985404
3776.0,66.79399359
3807.0,61.41971741
3808.0,62.49812045
3839.0,54.61028367
3840.0,55.08287152
3871.0,49.21029401
3872.0,48.84738522
3903.0,49.51150583
3904.0,47.52778085
3935.0,47.12237735
3936.0,47.84390938
3961.0,45.7257248
3967.0,35.07245553
3968.0,32.45494267
3986.0,2.084721206
3989.0,41.29106488
3999.0,43.92541428
4000.0,51.00312098
4005.0,90.42082444
4016.0,100.4016355
4031.0,100.2072874
4032.0,99.52078102
4063.0,97.95170435
4064.0,97.59331335
4085.0,91.67569533
4095.0,79.06239879
4096.0,79.71894387
4104.0,81.55566572
4118.0,65.86761677
4127.0,69.06934767
4128.0,71.25453284
4137.0,80.83163912
4159.0,83.18885318
4160.0,83.80101872
4191.0,91.34297873
4192.0,91.0283329
4223.0,89.60130601
4224.0,88.80617982
4255.0,91.14410857
4256.0,89.50772505
4287.0,93.92010654
4288.0,92.14116706
4319.0,103.1998947
4320.0,101.6712765
4351.0,101.9303716
4352.0,101.8787548
4383.0,102.868644
4384.0,100.9228984
4415.0,101.2712157
4416.0,103.028269
4447.0,102.5042487
4448.0,102.7378861
4479.0,103.8419879
4480.0,104.0496781
4511.0,102.274308
4512.0,102.5519999
4543.0,103.2134268
4544.0,103.617839
4575.0,103.4804813
4576.0,101.9136243
4607.0,101.1696337
4608.0,101.8888079
4639.0,101.0857517
4640.0,101.0087127
4671.0,101.261369
4672.0,102.541997
4703.0,101.8772454
4704.0,102.9576933
4735.0,103.8014839
4736.0,102.2179255
4767.0,103.2773101
4768.0,102.4295615
4799.0,102.9265256
4800.0,102.9564421
4831.0,101.5392593
4832.0,100.8748952
4863.0,100.2488256
4864.0,100.7692456
4895.0,98.84379153
4896.0,100.6854122
4927.0,96.2308228
4928.0,96.71840204
4959.0,94.17994573
4960.0,95.67895642
4991.0,95.25618056
4992.0,94.54797519
5023.0,95.99677033
5024.0,97.14816523
5055.0,99.12037672
5056.0,99.05826937
5087.0,99.80276046
5088.0,98.67831751
5119.0,94.60706
5120.0,94.46560064
5151.0,96.17229699
5152.0,97.64916697
5183.0,89.10382881
5184.0,90.61317102
5208.0,73.77393927
5215.0,76.85962531
5216.0,77.92799067
5247.0,88.99160028
5248.0,88.64333389
5279.0,86.55806783
5280.0,87.64149868
5311.0,88.28477082
5312.0,89.41176608
5343.0,87.18630984
5344.0,86.9471622
5375.0,90.75702345
5376.0,89.25499018
5407.0,89.39095819
5408.0,89.69527240000002
5439.0,89.11704036
5440.0,88.81200315
5471.0,92.84299405
5472.0,91.53972716
5503.0,89.75725083
5504.0,88.46354581
5535.0,87.78938162
5536.0,86.62957842
5567.0,87.83487509999998
5568.0,86.72499123
5599.0,88.50230809
5600.0,88.59994216
5631.0,89.13048974
5632.0,88.20884853
5663.0,87.43373153
5664.0,88.04976837
5695.0,90.75562788
5696.0,90.43970925
5727.0,96.25810241
5728.0,97.03271845
5759.0,96.96879814
5760.0,95.83862782
5791.0,95.70159189
5792.0,96.89774626
5823.0,95.88619734
5824.0,97.24434915
5855.0,85.76515116
5856.0,85.91172247
5887.0,87.23737483
5888.0,86.78144588
5919.0,84.47250174
5920.0,82.31456172
5945.0,69.85628764
5951.0,75.66032144
5952.0,76.21819424
5983.0,83.37804049
5984.0,83.32571768
6015.0,87.82134057
6016.0,88.22460867
6047.0,93.82689237
6048.0,93.45875319
6079.0,94.59130684
6080.0,94.08465821
6111.0,91.80829431
6112.0,91.90839855
6143.0,88.38054136
6144.0,87.94324014
6175.0,87.60744574
6176.0,87.98319631
6207.0,84.16121611
6208.0,84.43735562
6239.0,74.16054425
6240.0,72.4508375
6251.0,68.39481654
6271.0,79.25255455
6272.0,80.60465144
6291.0,73.19101398
6303.0,82.07987926
6304.0,82.69968084
6335.0,71.26817231
6336.0,72.40574326
6350.0,69.12795083
6367.0,81.05436176
6368.0,82.14833725
6399.0,90.77704656
6400.0,91.71482064
6431.0,90.16313151
6432.0,91.12004852
6463.0,86.80979494
6464.0,87.41103041
6495.0,87.28437361
6496.0,86.33632456
6527.0,89.64702284
6528.0,91.29613726
6559.0,96.21686635
6560.0,96.60635876
6591.0,92.34288625
6592.0,90.65210032
6623.0,88.34929228
6624.0,89.49648564
6655.0,94.77522
6656.0,92.93363248
6687.0,97.05605362
6688.0,98.51844548
6719.0,100.2656888
6720.0,101.0161055
6751.0,96.46610312
6752.0,97.2287298
6783.0,96.49712297
6784.0,95.0802497
6815.0,101.36165909999998
6816.0,101.2804006
6847.0,107.1053566
6848.0,107.5425625
6879.0,103.6863679
6880.0,101.8910842
6911.0,100.525842
6912.0,99.98354455
6943.0,97.74759792
6944.0,97.06327936
6975.0,92.03271113
6976.0,90.4156721
7007.0,92.73539476
7008.0,93.34286207
7039.0,88.01332573
7040.0,88.79527306
7071.0,89.87835544
7072.0,89.92316676
7092.0,88.2152296
7103.0,97.45158432
7104.0,97.05038592
7135.0,93.21990246
7136.0,91.82224782
7167.0,62.57971724
7168.0,62.20756384
7176.0,62.28035363
7184.0,85.19521312
7199.0,87.54602085
7200.0,87.22371519
7231.0,70.47995338
7232.0,70.61343106
7237.0,81.2382639
7252.0,66.46993588
7263.0,68.79764525
7264.0,68.86690179
7278.0,59.15989372
7287.0,86.45843484
7295.0,77.29763212
7296.0,75.70971748
7307.0,65.04849841
7313.0,82.22175083
7327.0,91.9704521
7328.0,91.45383517
7359.0,89.16503076
7360.0,88.61485072
7391.0,87.94525226
7392.0,87.24105343
7423.0,81.52213507
7424.0,82.16948427
7436.0,87.53020166
7455.0,75.98819124
7456.0,74.13937297
7460.0,81.18958133
7465.0,74.8234959
7487.0,80.44643213
7488.0,80.4858202
7519.0,82.14053831
7520.0,83.91691377
7551.0,85.85770387
7552.0,84.16250704
7583.0,88.93538867
7584.0,88.79094577
7615.0,89.10222181
7616.0,88.74461723
7647.0,87.67602965
7648.0,88.19926868
7679.0,80.7629771
7680.0,81.00156682
7711.0,80.02736334
7712.0,80.82745264
7743.0,85.02315187
7744.0,83.37804708
7775.0,86.86772365
7776.0,88.21114370000002
7807.0,86.37258683
7808.0,86.48939882
7839.0,87.52432187
7840.0,86.86015927
7871.0,89.60523421
7872.0,88.49121895
7903.0,90.31709576
7904.0,89.50766272
7935.0,84.18859112
7936.0,83.81717176
7967.0,88.29234703
7968.0,86.97481529
7999.0,91.98375192
8000.0,92.97149707
8031.0,87.08923409
8032.0,87.48786306
8063.0,94.55692519
8064.0,92.3260666
8095.0,91.05592333
8096.0,92.15360623
8127.0,93.31367684
8128.0,92.43625457
8159.0,92.84429139
8160.0,93.88532912
8191.0,93.34345477
8192.0,92.96895968
8223.0,92.99606906
8224.0,92.86350227
8255.0,91.43423695
8256.0,91.8183895
8287.0,87.34584509
8288.0,88.98882678
8319.0,88.86533409999998
8320.0,89.10460867
8351.0,96.12586836
8352.0,94.68594171
8383.0,95.33048815
8384.0,95.19612651
8415.0,92.94199916
8416.0,92.68868867
8447.0,91.50247183
8448.0,90.91618957
8479.0,90.61735977
8480.0,89.96380500000002
8511.0,90.05169846
8512.0,91.73282111
8543.0,96.16843666
8544.0,96.74763633
8575.0,100.5077529
8576.0,98.91878356
8607.0,100.5176704
8608.0,102.4637619
8639.0,99.54739299
8640.0,99.16204758
8671.0,98.88898838
8672.0,98.74310463
8703.0,97.9510373
8704.0,97.4009962
8735.0,93.88613742
8736.0,92.49558291
8767.0,90.12990294
8768.0,89.62331707
8788.0,67.06756693
8799.0,86.68859989
8800.0,86.31910048
8831.0,87.5772134
8832.0,85.66843587
8863.0,84.14634798
8864.0,83.55426059
8885.0,74.72032183
8895.0,84.7771023
8896.0,84.29216393
8927.0,92.23059968
8928.0,94.04815377
8959.0,88.67868535
8960.0,88.46633011
8991.0,87.72876576
8992.0,86.43525592
9023.0,90.24894377
9024.0,89.49170243
9055.0,88.75358473
9056.0,90.17327138
9087.0,89.95272847
9088.0,89.77518035
9119.0,91.29684434
9120.0,89.48974781
9151.0,91.99726074
9152.0,92.52968483
9183.0,91.49108944
9184.0,92.48426846
9215.0,93.34532541
9216.0,91.21710446
9247.0,92.89076075
9248.0,93.22542746
9279.0,90.99331782
9280.0,90.57161276
9311.0,91.36369379
9312.0,90.42143474
9343.0,92.61090365
9344.0,94.16897175
9375.0,93.32736791
9376.0,91.94185605
9407.0,89.056602
9408.0,88.63126514
9416.0,94.30203677
9439.0,90.02287242
9440.0,88.31997669
9471.0,91.30657302
9472.0,89.80068370000002
9503.0,88.86252848
9504.0,88.46000586
9535.0,86.58876725
9536.0,85.23059072
9567.0,86.23696963
9568.0,86.32258862
9599.0,85.57711344
9600.0,83.45210759
9631.0,83.34406263
9632.0,83.27965559
9663.0,82.97689632
9664.0,83.45684239
9695.0,61.31925478
9696.0,60.75081018
9727.0,54.41692991
9728.0,53.08527732
9748.0,53.27858232
9759.0,74.93910453
9760.0,75.40319089
9791.0,83.90313214
9792.0,83.4133705
9823.0,74.98053879999998
9824.0,73.55931037
9855.0,80.61038784
9856.0,79.51777633
9887.0,84.24193085
9888.0,85.11299448
9919.0,82.37791168
9920.0,81.19161714
9951.0,85.27128631
9952.0,84.08153670000002
9983.0,82.72362444
9984.0,82.51858384
10015.0,78.37827917
10016.0,79.34121444
10026.0,72.54461682
10031.0,80.25449718
10047.0,75.03849396
10048.0,73.35308341
10079.0,87.98398838
10080.0,88.24419717
10111.0,92.47215009
10112.0,92.76645355
10143.0,93.43092219
10144.0,93.72966342
10175.0,88.95086917
10176.0,86.89404209
10207.0,87.72331263
10208.0,88.96606650000004
10239.0,86.8224946
10240.0,87.52550988
10271.0,85.44624646
10272.0,85.52812874
10303.0,86.33365436
10304.0,87.27862612
10335.0,85.9830462
10336.0,85.7109922
10367.0,87.71862827
10368.0,86.12784672
10399.0,86.31263375
10400.0,87.01171434
10431.0,86.24354809
10432.0,86.81448418
10463.0,85.7753931
10464.0,85.87378416
10495.0,86.58169512
10496.0,87.20105485
10527.0,85.90038054
10528.0,86.68769812
10559.0,84.8029917
10560.0,84.9408716
10591.0,87.07225404
10592.0,87.23719919
10623.0,87.51218133
10624.0,87.39791923
10655.0,92.66032925
10656.0,92.31922352
10687.0,97.26960032
10688.0,97.61010525
10719.0,98.393867
10720.0,98.43569718
10751.0,95.89001056
10752.0,94.34684395
10783.0,89.43089335
10784.0,90.40752434
10815.0,90.79675254
10816.0,89.76955638
10847.0,92.31439478
10848.0,92.22151119
10879.0,85.76970276
10880.0,85.9023808
10911.0,87.24929407
10912.0,85.46209595
10943.0,83.13434316
10944.0,84.5257835
10975.0,86.98683828
10976.0,87.07669633
11007.0,87.59451903
11008.0,85.66803623
11039.0,85.68109548
11040.0,86.46231767
11071.0,89.64867622
11072.0,90.14412461
11103.0,90.41655215
11104.0,89.59706864
11135.0,90.85493704
11136.0,91.5645546
11167.0,88.0328926
11168.0,87.13968187
11199.0,92.45006081
11200.0,93.50623242
11231.0,95.15702875
11232.0,93.95190871
11263.0,95.64795408
11264.0,94.96301018
11295.0,96.88572268
11296.0,95.386525
11327.0,93.57891976
11328.0,94.20529819
11359.0,93.68622053
11360.0,93.40136129
11391.0,93.28546915
11392.0,93.56102719
11423.0,94.60780482
11424.0,93.15548945
11455.0,94.47072387
11456.0,94.87669264
11487.0,97.16823757
11488.0,95.81776089
11519.0,95.98595549
11520.0,95.89336746
11551.0,99.32287099
11552.0,98.21443498
11583.0,101.5768143
11584.0,100.3995491
11615.0,99.59246451
11616.0,101.2065309
11647.0,98.55295924
11648.0,99.12942737
11674.0,77.995418
11679.0,91.66764762
11680.0,94.09331799
11698.0,102.8749997
11711.0,94.72833604
11712.0,94.87305591
11743.0,97.84655707
11744.0,97.87257199
11775.0,89.14791908
11776.0,89.27172072
11807.0,88.40811106
11808.0,88.34889635
11839.0,89.30014870000002
11840.0,88.49942196
11871.0,85.75915103
11872.0,84.96918789
11885.0,92.97903399
11903.0,87.68369693
11904.0,87.53037953
11919.0,90.96060009
11935.0,80.23090136
11936.0,77.46964326
11967.0,81.80772734
11968.0,83.57079743
11981.0,70.64345924
11993.0,80.71534789
11999.0,75.32989599999998
12000.0,76.23016915
12014.0,64.08654685
12031.0,64.07489176
12032.0,64.23319655
12048.0,74.91054201
12063.0,69.77431846
12064.0,69.37951418
12095.0,61.01216949999999
12096.0,60.14169561
12127.0,84.58195606
12128.0,84.93012159
12148.0,95.89477228
12159.0,93.02429263
12160.0,94.75288523
12191.0,91.99302567
12192.0,89.84315197
12223.0,90.20709404
12224.0,91.39101496
12255.0,92.87617361
12256.0,94.62567021
12287.0,97.08271171
12288.0,97.57048856
12319.0,100.2692426
12320.0,99.76173131
12351.0,97.38892634
12352.0,97.18808824
12383.0,94.96148641
12384.0,95.03212011
12415.0,94.27982111
12416.0,92.60346775
12447.0,97.33461822
12448.0,97.80867858
12479.0,104.3284181
12480.0,104.8323166
12511.0,95.49619452
12512.0,96.59055943
12543.0,92.16355371
12544.0,92.84475253
12575.0,91.05183736
12576.0,90.79592931
12607.0,90.51785332
12608.0,90.50598334
12639.0,90.14028039
12640.0,91.63193548
12671.0,91.46251499
12672.0,92.23019083
12703.0,91.07665582
12704.0,92.36048585
12735.0,88.71947941
12736.0,87.16057921
12767.0,93.18899935
12768.0,92.09376904
12799.0,91.68681286
12800.0,90.5922298
12815.0,90.25867341
12831.0,72.17089466
12832.0,70.48807688
12863.0,57.71760448
12864.0,57.59727673
12874.0,80.15464868
12895.0,85.30843893
12896.0,87.14257568
12927.0,90.23791282
12928.0,90.53408011
12959.0,90.49069569
12960.0,90.09274582
12991.0,89.11694792
12992.0,89.20365081
13023.0,92.27326172
13024.0,92.76642432
13055.0,86.64660409999998
13056.0,87.19337592
13087.0,85.50017087
13088.0,84.94655014
13119.0,84.32788612
13120.0,86.2400719
13151.0,85.47658532
13152.0,84.61932307
13183.0,84.98458395
13184.0,84.53623883
13215.0,84.69117951
13216.0,84.32552372
13247.0,90.73452476
13248.0,90.18009861
13279.0,91.18226898
13280.0,91.1175897
13311.0,87.88175634
13312.0,89.59570688
13343.0,91.02269813
13344.0,90.09192938
13375.0,82.91026623
13376.0,83.64232706
13407.0,85.3298108
13408.0,84.55933934
13439.0,79.90427271
13440.0,79.50436224
13452.0,71.70537164
13471.0,80.40772627
13472.0,80.4917618
13503.0,89.39249432
13504.0,89.91837190000004
13535.0,91.74588691
13536.0,91.7499911
13567.0,89.14537296
13568.0,90.22885068
13599.0,93.24886169
13600.0,92.87270938
13615.0,86.3161824
13631.0,91.83092359
13632.0,89.85380545
13663.0,90.63985065
13664.0,91.48245523
13695.0,91.97862557
13696.0,90.75425061
13727.0,88.20686312
13728.0,90.05138008
13759.0,89.86050544
13760.0,90.19118914
13791.0,89.48357912
13792.0,89.72146985
13823.0,90.90993461
13824.0,90.60963919
13855.0,93.85779117
13856.0,92.82912721
13887.0,92.17199187
13888.0,91.54618064
13919.0,89.09861663
13920.0,90.90100094
13951.0,90.25430613
13952.0,89.45691733
13983.0,87.04245961
13984.0,87.82344287
14015.0,83.83479375
14016.0,83.24990967
14034.0,71.66754158
14047.0,77.80113549
14048.0,75.7698132
14073.0,64.64769075
14079.0,72.7334359
14080.0,74.35141881
14111.0,90.21878777
14112.0,89.73727199999998
14143.0,90.27234607
14144.0,91.80658327
14175.0,85.56431262
14176.0,84.8698105
14207.0,80.07206234
14208.0,80.40603831
14239.0,87.6944799
14240.0,86.21661438
14271.0,86.82124934
14272.0,88.2354896
14303.0,88.64831527
14304.0,88.15713081
14335.0,87.99511787
14336.0,86.20955054
14367.0,86.40857268
14368.0,85.13267708
14399.0,85.39172935
14400.0,84.32267409999999
14431.0,87.75285115
14432.0,86.36991404
14463.0,81.5881848
14464.0,78.87034479
14495.0,81.41957756
14496.0,82.61177981
14527.0,81.50739629
14528.0,81.07174246
14559.0,76.02340927
14560.0,75.14344783
14591.0,67.66761098
14592.0,66.36986838
14623.0,80.41710083
14624.0,80.98461389
14655.0,83.13400065
14656.0,84.04380429999998
14687.0,87.41840154
14688.0,86.27272772
14719.0,89.38036676
14720.0,89.82299318
14751.0,91.43515197
14752.0,91.34022986
14783.0,89.72817994
14784.0,89.38212261
14815.0,89.27110552
14816.0,91.05490895
14847.0,88.09184987
14848.0,87.26140638
14879.0,87.6067066
14880.0,85.99724507
14911.0,84.01773372
14912.0,83.2227237
14924.0,72.95514605
14936.0,73.05130207
14943.0,82.68853392
14944.0,84.70018207
14975.0,88.14966764
14976.0,88.53650259999998
15007.0,91.5308278
15008.0,90.00865904
15039.0,88.93391911
15040.0,88.16362189
15071.0,87.37719082
15072.0,88.72550697
15103.0,90.13696822
15104.0,90.39308303
15117.0,89.46302655
15135.0,68.61348249
15136.0,67.87181542
15167.0,53.38264868
15168.0,52.8586542
15185.0,84.28742626
15199.0,84.35070795
15200.0,84.77278324
15231.0,80.60351957
15232.0,79.28964708
15263.0,81.03936148
15264.0,80.12406183
15295.0,81.59591677
15296.0,83.15965799
15327.0,80.89350439
15328.0,82.32668203
15359.0,79.59239012
15360.0,80.10957689
15391.0,78.42399245
15392.0,80.47153079
15423.0,82.62800148
15424.0,82.22896454
15455.0,79.65517481
15456.0,78.86646701
15487.0,77.59348440000002
15488.0,76.03946351
15519.0,82.37207757
15520.0,80.62706334
15551.0,82.37264829
15552.0,82.59444988
15583.0,84.42603325
15584.0,84.59258098
15615.0,85.54278989
15616.0,87.74412962
15647.0,86.62770914
15648.0,86.77951348
15679.0,86.78080478
15680.0,87.18450018
15711.0,87.67540338
15712.0,87.60305991
15743.0,87.64463990000002
15744.0,88.42732393
15775.0,86.10619557
15776.0,87.26262059999998
15807.0,86.74858585
15808.0,85.82383361
15839.0,89.40121482
15840.0,90.75125774
15871.0,87.29840258
15872.0,88.19908559999998
15903.0,86.96861396
15904.0,87.20165662
15935.0,87.55125655
15936.0,87.37484493
15967.0,85.11929565
15968.0,83.73664193
15999.0,81.63575623
16000.0,80.20412842
16017.0,80.74135476
16031.0,69.79015563
16032.0,69.00687676
16063.0,64.27430039
16064.0,62.96539778
16095.0,63.20572388
16096.0,63.03516954
16103.0,76.11214345
16127.0,65.74944052
16128.0,65.75275069
16159.0,62.56045948
16160.0,63.31357908
16191.0,59.85633833
16192.0,59.60855155
16212.0,62.47244364
16217.0,73.47914394
16223.0,68.55289997
16224.0,68.19776931
16255.0,59.62066106
16256.0,60.58218088
16287.0,62.42774991
16288.0,60.63769385
16319.0,61.8518965
16320.0,60.69485913
16351.0,53.47524488
16352.0,53.69675187
16383.0,55.39124177
16384.0,54.45933674
16401.0,56.25139091
16409.0,70.43517209
16415.0,65.4148134
16416.0,64.47096671
16434.0,58.3204945
16447.0,70.80217171
16448.0,71.78119931
16472.0,80.30849368
16479.0,74.11246057
16480.0,74.51599646
16486.0,67.73976362
16492.0,74.47328900000002
16508.0,66.42509345
16511.0,72.43242735
16512.0,73.23253996
16529.0,79.74600225
16543.0,72.23487209
16544.0,74.07101014
16563.0,67.43396841
16575.0,78.8209743
16576.0,77.19490469
16607.0,62.20288743
16608.0,61.50415975
16639.0,48.92701514
16640.0,49.50547939
16671.0,58.82888969
16672.0,58.18674823
16703.0,80.00973958
16704.0,78.93779287
16710.0,72.55149812
16735.0,84.15204391
16736.0,84.87636852
16767.0,82.02879229999998
16768.0,81.54319874
16799.0,68.59224543
16800.0,70.63277238
16831.0,66.29159815
16832.0,66.6681171
16844.0,76.22184419
16863.0,68.43380690000001
16864.0,67.39024663
16883.0,79.22350898
16895.0,70.29936246
16896.0,70.45537390000001
16927.0,58.73278126
16928.0,58.28475193
16959.0,51.90680442
16960.0,52.0157283
16977.0,46.62703434
16991.0,54.98521325
16992.0,56.36701989
17023.0,57.1351124
17024.0,57.94598993
17034.0,70.57282363
17055.0,72.62788011
17056.0,73.11365822
17087.0,81.35853771
17088.0,82.38281014
17119.0,86.03673134
17120.0,87.37280958
17151.0,79.79979699
17152.0,77.05648302
17183.0,58.70968788
17184.0,58.84471077
17204.0,79.28204785
17215.0,80.40804249
17216.0,79.79800617
17247.0,81.59734946
17248.0,83.89686856
17279.0,85.66299095
17280.0,87.03219184
17311.0,91.87920177
17312.0,90.28221963
17343.0,91.11319222
17344.0,92.43481607
17375.0,91.11679234
17376.0,90.88467281
17407.0,91.79312093
17408.0,92.83552017
17439.0,89.84206411
17440.0,91.23355995
17471.0,86.39717899
17472.0,88.33482246
17503.0,86.3483941
17504.0,87.09819318
17535.0,89.60213477
17536.0,90.07190696
17567.0,92.19699696
17568.0,91.95208836
17599.0,90.36056232
17600.0,89.95195221
17607.0,95.87067875
17631.0,91.40673734
17632.0,92.63526182
17663.0,89.20216263
17664.0,89.32123406
17695.0,91.47454511
17696.0,92.66020644
17727.0,99.0211965
17728.0,100.429832
17759.0,98.44799415
17760.0,97.01237782
17791.0,93.06942017
17792.0,94.43316711
17823.0,92.57135378
17824.0,92.93484003
17855.0,92.32616409
17856.0,92.37517388
17887.0,93.33585576
17888.0,92.08750661
17919.0,65.81380399
17920.0,63.50375258
17951.0,56.17257156
17952.0,57.64487343
17983.0,51.98615458
17984.0,52.72023489
18015.0,48.31568935
18016.0,49.27527992
18042.0,44.21495123
18047.0,80.55869877
18048.0,82.77453867
18053.0,93.9523618
18079.0,97.23680335
18080.0,98.26732586
18111.0,101.4061208
18112.0,99.90046675
18143.0,97.96743519
18144.0,97.61779606
18175.0,97.13474515
18176.0,96.93104809
18207.0,97.31858132
18208.0,96.82848919
18239.0,97.84468529
18240.0,97.43308522
18271.0,99.72654067
18272.0,99.20333475
18303.0,97.65644817
18304.0,99.2281508
18335.0,97.52531821
18336.0,97.56728702
18367.0,97.22066539
18368.0,99.03812361
18399.0,96.38170946
18400.0,96.4100375
18431.0,90.58534685
18432.0,89.98811845
18463.0,91.02866245
18464.0,90.59348217
18495.0,84.43224803
18496.0,83.59051868
18527.0,68.94454649
18528.0,67.71716215
18537.0,66.08796681
18543.0,80.4224992
18559.0,85.80163194
18560.0,86.58139246
18591.0,88.95195205
18592.0,87.82993347
18623.0,84.08338787
18624.0,85.41911464
18655.0,87.58764523
18656.0,88.45632511
18687.0,89.03503961
18688.0,89.05031874
18719.0,91.21363321
18720.0,91.64193049
18751.0,88.28973365
18752.0,90.21035523
18783.0,89.73414144
18784.0,90.18020903
18815.0,91.01792688
18816.0,91.57257204
18847.0,86.52162385
18848.0,86.35458023
18879.0,92.70581971
18880.0,91.20645942
18911.0,92.06589608
18912.0,92.06456992
18943.0,96.42187271
18944.0,97.3531063
18975.0,101.8721296
18976.0,101.8577761
19007.0,98.4466548
19008.0,98.1701622
19039.0,99.75191049
19040.0,99.03852348
19071.0,94.60605535
19072.0,93.99660491
19103.0,91.24448152
19104.0,92.64413965
19135.0,90.07305404
19136.0,89.04102655
19157.0,64.72078593
19167.0,65.25862842
19168.0,64.68185081
19199.0,60.47793838
19200.0,61.54982216
19231.0,58.70478919
19232.0,56.61483009
19263.0,54.55492721
19264.0,55.16412478
19295.0,51.26331469
19296.0,49.47553976
19327.0,48.16173707
19328.0,46.94337792
19359.0,43.90195256
19360.0,42.61768752
19391.0,40.46801319
19392.0,39.26537555
19423.0,36.91895932
19424.0,35.79444832
19455.0,33.37793471
19456.0,33.73597375
19487.0,30.57627902
19488.0,30.80034788
19519.0,27.13922521
19520.0,27.44186472
19551.0,32.21898830000001
19552.0,32.42664943
19583.0,33.39425162
19584.0,33.47059509
19615.0,33.51633481
19616.0,33.62106205
19647.0,33.53836862
19648.0,33.88047495
19679.0,32.75826772
19680.0,32.7049341
19711.0,30.7490175
19712.0,30.64807823
19743.0,30.22828132
19744.0,30.95195602
19770.0,30.97552758
19775.0,69.6041593
19776.0,74.69958936
19794.0,91.33042506
19807.0,87.60606329
19808.0,87.43993162
19839.0,90.85804833
19840.0,89.85478676
19871.0,91.28900513
19872.0,91.57978646
19903.0,92.53605468
19904.0,92.90681987
19935.0,92.57461351
19936.0,93.03473993
19967.0,99.99278313
19968.0,98.72846459
19999.0,100.188373
20000.0,100.00946009999998
20031.0,97.09705594
20032.0,96.80960964
20063.0,96.1813042
20064.0,96.37425031
20095.0,94.01095285
20096.0,95.04416343
20127.0,95.93991952
20128.0,95.76125421
20159.0,87.48088556
20160.0,87.82400164
20191.0,92.80916012
20192.0,92.03821164
20223.0,89.56389149
20224.0,90.57342444
20255.0,92.25063332
20256.0,91.53591708
20263.0,86.48327472
20275.0,95.73299975
20287.0,92.84766366
20288.0,93.14095631
20319.0,92.3893766
20320.0,91.94971195
20351.0,91.26858711
20352.0,89.62221591
20383.0,92.2087921
20384.0,92.8384899
20415.0,91.71263397
20416.0,91.14969983
20447.0,93.49820931
20448.0,92.90746331
20479.0,96.66982713
20480.0,96.91251262
20511.0,100.1980143
20512.0,100.1506754
20543.0,99.89717471
20544.0,101.0124943
20575.0,99.7719676
20576.0,99.13043586
20607.0,97.57740979
20608.0,96.94036566
20639.0,97.63784857
20640.0,98.51242096
20671.0,101.5414915
20672.0,100.54267790000002
20703.0,98.36967265
20704.0,99.64549895
20735.0,93.91043568
20736.0,93.2062052
20767.0,96.46139073
20768.0,97.01859082
20799.0,88.67916273
20800.0,88.30260874
20831.0,94.52439325
20832.0,95.28798275
20863.0,93.45439602
20864.0,93.21081612
20895.0,93.74689626
20896.0,91.37412739
20927.0,97.8740172
20928.0,99.32813993
20959.0,99.57641672
20960.0,100.8171321
20991.0,97.17842
20992.0,98.40417
21007.0,93.11928346
21017.0,75.98288572
21023.0,88.43167208
21024.0,88.24073482
21038.0,93.18246453
21055.0,83.76029982
21056.0,81.71258771
21060.0,73.79891394
21072.0,92.31099896
21087.0,97.32715944
21088.0,96.22429886
21119.0,96.23073577
21120.0,95.97161659
21151.0,99.55397928
21152.0,97.96993499
21183.0,100.90084240000002
21184.0,99.53133148
21215.0,99.50083696
21216.0,101.0916115
21247.0,99.98942739
21248.0,99.40540314
21279.0,98.79192976
21280.0,100.1367003
21311.0,98.33412073
21312.0,98.09691314
21343.0,99.67312573
21344.0,99.09139626
21375.0,99.12956325
21376.0,98.63448784
21407.0,97.28509943
21408.0,96.23585842
21424.0,87.95835624
21439.0,94.31950373
21440.0,94.3661562
21471.0,90.9451959
21472.0,89.96783288
21503.0,92.34451548
21504.0,94.07050388
21535.0,102.9649953
21536.0,103.2693142
21567.0,99.57014969
21568.0,101.6448603
21599.0,98.07596215
21600.0,99.41755412
21631.0,99.02358444
21632.0,98.41645496
21663.0,99.79523395
21664.0,98.85786245
21695.0,99.98148157
21696.0,99.01141642
21727.0,98.84948613
21728.0,99.11152819
21759.0,98.26368113
21760.0,96.76581995
21791.0,98.77270524
21792.0,100.4903167
21823.0,98.8980598
21824.0,99.64896449
21855.0,95.33684172
21856.0,94.69286731
21887.0,94.8293041
21888.0,94.24727726
21919.0,94.81547686
21920.0,95.95758922
21951.0,91.72913322
21952.0,91.71013591
21983.0,90.95300073
21984.0,90.75526809
22015.0,91.02318306
22016.0,91.04905341
22047.0,91.66664369
22048.0,91.41977069
22079.0,89.12157755
22080.0,88.92022579
22111.0,91.70305293
22112.0,90.83421569
22143.0,92.95194359
22144.0,93.09965966
22175.0,92.69418805
22176.0,92.58476381
22207.0,92.7504021
22208.0,93.37643003
22239.0,92.84544291
22240.0,91.84468435
22271.0,93.24645747
22272.0,94.21592535
22303.0,93.24295851
22304.0,92.92355927
22335.0,91.69577083
22336.0,91.52675339
22367.0,91.31711046
22368.0,90.94058897
22394.0,88.89738453
22399.0,80.96953884
22400.0,82.22203864
22407.0,91.8110169
22431.0,93.31044089
22432.0,92.96886554
22463.0,92.41051732
22464.0,92.88207125
22495.0,92.47221706
22496.0,93.18703753
22527.0,92.77126054
22528.0,92.13522182
22559.0,96.21808481
22560.0,95.55196478
22591.0,93.02051625
22592.0,91.6704062
22623.0,94.98376524
22624.0,93.50065717
22655.0,93.00888737
22656.0,91.74865312
22687.0,97.54977357
22688.0,98.16295219
22694.0,96.90386085
